{
  "IcoMoonType": "selection",
  "icons": [
    {
      "icon": {
        "paths": [
          "M-227.556-227.556h1479.111v1479.111h-1479.111v-1479.111z"
        ],
        "attrs": [
          {
            "fill": "rgb(255, 255, 255)",
            "opacity": 0.5
          }
        ],
        "isMulticolor": false,
        "isMulticolor2": false,
        "grid": 0,
        "tags": [
          "icon-phone"
        ]
      },
      "attrs": [
        {
          "fill": "rgb(255, 255, 255)",
          "opacity": 0.5
        }
      ],
      "properties": {
        "order": 48,
        "id": 2,
        "name": "icon-phone",
        "prevSize": 32
      },
      "setIdx": 0,
      "setId": 8,
      "iconIdx": 0
    },
    {
      "icon": {
        "paths": [
          "M-227.556-227.556h1479.111v1479.111h-1479.111v-1479.111z"
        ],
        "attrs": [
          {
            "fill": "rgb(255, 255, 255)",
            "opacity": 0.5
          }
        ],
        "isMulticolor": false,
        "isMulticolor2": false,
        "grid": 0,
        "tags": [
          "nav-icon"
        ]
      },
      "attrs": [
        {
          "fill": "rgb(255, 255, 255)",
          "opacity": 0.5
        }
      ],
      "properties": {
        "order": 47,
        "id": 1,
        "name": "nav-icon",
        "prevSize": 32
      },
      "setIdx": 0,
      "setId": 8,
      "iconIdx": 1
    },
    {
      "icon": {
        "paths": [
          "M-130.728-153.6h1336.658v1331.2h-1336.658v-1331.2z"
        ],
        "attrs": [
          {
            "fill": "rgb(255, 255, 255)",
            "opacity": 0.5
          }
        ],
        "width": 1075,
        "isMulticolor": false,
        "isMulticolor2": false,
        "grid": 0,
        "tags": [
          "time-icon"
        ]
      },
      "attrs": [
        {
          "fill": "rgb(255, 255, 255)",
          "opacity": 0.5
        }
      ],
      "properties": {
        "order": 46,
        "id": 0,
        "name": "time-icon",
        "prevSize": 32
      },
      "setIdx": 0,
      "setId": 8,
      "iconIdx": 2
    }
  ],
  "height": 1024,
  "preferences": {
    "showGlyphs": true,
    "showQuickUse": true,
    "showQuickUse2": true,
    "showSVGs": true,
    "fontPref": {
      "prefix": "icon-",
      "metadata": {
        "fontFamily": "icomoon"
      },
      "metrics": {
        "emSize": 1024,
        "baseline": 6.25,
        "whitespace": 50
      },
      "embed": false
    },
    "imagePref": {
      "prefix": "",
      "png": false,
      "useClassSelector": true,
      "color": 0,
      "bgColor": 16777215,
      "classSelector": ".icon",
      "name": "iconssvg",
      "height": 32,
      "columns": 16,
      "margin": 16
    },
    "historySize": 50,
    "showCodes": true,
    "gridSize": 16
  }
}